"General health and mental health by housing situation, First Nations people living off reserve, Métis and Inuit 1 2 3 4 5"
"Frequency: Occasional"
"Table: 41-10-0080-01"
"Release date: 2024-09-27"
"Geography: Canada, Geographical region of Canada, Province or territory"
""
""

,,"Geography","Canada",,,,"Atlantic provinces 13",,,,"Quebec",,,,"Ontario",,,,"Prairie provinces",,,,"Manitoba",,,,"Saskatchewan",,,,"Alberta",,,,"British Columbia",,,,"Territories",,,,"Yukon 14",,,,"Northwest Territories 14",,,,"Nunavut",,,
,,"Indigenous identity 3 6","Total, Indigenous identity",,,,"Total, Indigenous identity",,,,"Total, Indigenous identity",,,,"Total, Indigenous identity",,,,"Total, Indigenous identity",,,,"Total, Indigenous identity",,,,"Total, Indigenous identity",,,,"Total, Indigenous identity",,,,"Total, Indigenous identity",,,,"Total, Indigenous identity",,,,"Total, Indigenous identity",,,,"Total, Indigenous identity",,,,"Total, Indigenous identity",,,
,,"Age group 7","Total, 15 years and over",,,,"Total, 15 years and over",,,,"Total, 15 years and over",,,,"Total, 15 years and over",,,,"Total, 15 years and over",,,,"Total, 15 years and over",,,,"Total, 15 years and over",,,,"Total, 15 years and over",,,,"Total, 15 years and over",,,,"Total, 15 years and over",,,,"Total, 15 years and over",,,,"Total, 15 years and over",,,,"Total, 15 years and over",,,
,,"Gender 8","Total, gender",,,,"Total, gender",,,,"Total, gender",,,,"Total, gender",,,,"Total, gender",,,,"Total, gender",,,,"Total, gender",,,,"Total, gender",,,,"Total, gender",,,,"Total, gender",,,,"Total, gender",,,,"Total, gender",,,,"Total, gender",,,
,,"Statistics 11 12","Number of persons","Percent 15 16","Low 95% confidence interval","High 95% confidence interval","Number of persons","Percent 15 16","Low 95% confidence interval","High 95% confidence interval","Number of persons","Percent 15 16","Low 95% confidence interval","High 95% confidence interval","Number of persons","Percent 15 16","Low 95% confidence interval","High 95% confidence interval","Number of persons","Percent 15 16","Low 95% confidence interval","High 95% confidence interval","Number of persons","Percent 15 16","Low 95% confidence interval","High 95% confidence interval","Number of persons","Percent 15 16","Low 95% confidence interval","High 95% confidence interval","Number of persons","Percent 15 16","Low 95% confidence interval","High 95% confidence interval","Number of persons","Percent 15 16","Low 95% confidence interval","High 95% confidence interval","Number of persons","Percent 15 16","Low 95% confidence interval","High 95% confidence interval","Number of persons","Percent 15 16","Low 95% confidence interval","High 95% confidence interval","Number of persons","Percent 15 16","Low 95% confidence interval","High 95% confidence interval","Number of persons","Percent 15 16","Low 95% confidence interval","High 95% confidence interval"
"Overall health","Housing - Needs repairs 9","Persons per room (crowding) 10","2022","2022","2022","2022","2022","2022","2022","2022","2022","2022","2022","2022","2022","2022","2022","2022","2022","2022","2022","2022","2022","2022","2022","2022","2022","2022","2022","2022","2022","2022","2022","2022","2022","2022","2022","2022","2022","2022","2022","2022","2022","2022","2022","2022","2022","2022","2022","2022","2022","2022","2022","2022"
,,,"Persons","Percent",,,"Persons","Percent",,,"Persons","Percent",,,"Persons","Percent",,,"Persons","Percent",,,"Persons","Percent",,,"Persons","Percent",,,"Persons","Percent",,,"Persons","Percent",,,"Persons","Percent",,,"Persons","Percent",,,"Persons","Percent",,,"Persons","Percent",,
"Total, self-perceived general health 4 15","Total, housing - Needs repairs","Total, Persons per room (crowding)","1,077,810","100.0","100.0","100.0","89,460","100.0","100.0","100.0","131,640","100.0","100.0","100.0","269,780","100.0","100.0","100.0","382,800","100.0","100.0","100.0","121,880","100.0","100.0","100.0","89,280","100.0","100.0","100.0","171,640","100.0","100.0","100.0","173,090","100.0","100.0","100.0","31,040","100.0","100.0","100.0","4,680","100.0","100.0","100.0","7,300","100.0","100.0","100.0","19,060","100.0","100.0","100.0"
,,"One person or fewer per room","999,250","92.7","92.2","93.2","86,450","96.6","95.3","97.6","126,480","96.1","95.2","96.8","255,910","94.9","93.5","95.9","349,760","91.4","90.3","92.4","110,660","90.8","88.7","92.5","79,860","89.4","87.0","91.5","159,240","92.8","91.1","94.1","159,970","92.4","90.9","93.7","20,670","66.6","65.1","68.1","4,440","94.8","91.9","96.7","6,230","85.3","82.8","87.5","10,010","52.5","50.7","54.3"
,,"More than one but less than 1.5 persons per room","37,800","3.5","3.1","3.9","F","1.5","1.0","2.5","2,480","1.9","1.4","2.6","8,120E","3.0","2.2","4.2","15,770","4.1","3.4","5.0","5,400E","4.4","3.3","6.0","4,570E","5.1","3.8","6.9","5,800E","3.4","2.4","4.7","6,330E","3.7","2.8","4.8","3,710","11.9","11.1","12.9","F","2.7","1.4","5.0","540E","7.4","5.7","9.5","3,040","16.0","14.8","17.2"
,,"1.5 persons or more per room","38,150","3.5","3.2","3.9","F","1.7","1.0","2.9","2,370","1.8","1.3","2.4","5,380E","2.0","1.4","2.8","16,220","4.2","3.6","5.0","5,300E","4.3","3.2","5.8","4,700E","5.3","3.8","7.3","6,230E","3.6","2.7","4.9","6,040E","3.5","2.7","4.5","6,600","21.3","20.1","22.5","F","F","F","F","520E","7.2","5.7","8.9","5,980","31.4","29.8","33.0"
,,"Persons per room not specified 17","F","0.2","0.2","0.4","F","F","F","F","F","F","F","F","F","F","F","F","F","0.3","0.1","0.5","F","F","F","F","F","F","F","F","F","F","F","F","F","F","F","F","F","0.2","0.1","0.4","F","F","F","F","F","F","F","F","F","F","F","F"
,"No, only regular maintenance is needed","Total, Persons per room (crowding)","582,840","100.0","100.0","100.0","43,590","100.0","100.0","100.0","70,230","100.0","100.0","100.0","144,050","100.0","100.0","100.0","209,520","100.0","100.0","100.0","63,960","100.0","100.0","100.0","45,470","100.0","100.0","100.0","100,090","100.0","100.0","100.0","103,760","100.0","100.0","100.0","11,700","100.0","100.0","100.0","2,350","100.0","100.0","100.0","2,890","100.0","100.0","100.0","6,470","100.0","100.0","100.0"
,,"One person or fewer per room","546,880","93.8","93.1","94.5","42,390","97.2","95.4","98.4","68,630","97.7","96.6","98.4","136,720","94.9","93.1","96.3","194,100","92.6","91.2","93.9","59,360","92.8","90.2","94.8","40,650","89.4","85.9","92.1","94,090","94.0","91.9","95.6","96,950","93.4","91.5","94.9","8,100","69.2","67.1","71.4","2,220","94.5","90.1","97.0","2,560","88.9","85.4","91.6","3,320","51.3","48.5","54.2"
,,"More than one but less than 1.5 persons per room","17,600","3.0","2.5","3.6","F","1.4","0.7","2.7","830E","1.2","0.7","2.1","F","2.9","1.9","4.5","7,030E","3.4","2.5","4.4","F","3.7","2.3","5.9","F","4.1","2.5","6.5","F","2.8","1.8","4.4","F","3.6","2.5","5.0","1,250","10.7","9.4","12.2","F","F","F","F","F","4.5","2.9","7.0","1,060","16.3","14.4","18.5"
,,"1.5 persons or more per room","17,300","3.0","2.5","3.5","F","1.2","0.5","2.9","720E","1.0","0.6","1.8","F","2.1","1.4","3.2","7,820E","3.7","2.9","4.8","F","2.9","1.8","4.7","F","6.5","4.3","9.6","F","3.0","1.9","4.6","F","2.7","1.8","4.1","2,330","20.0","18.1","22.0","F","F","F","F","F","6.4","4.3","9.3","2,090","32.3","29.5","35.2"
,,"Persons per room not specified 17","F","0.2","0.1","0.4","F","F","F","F","F","F","F","F","F","F","F","F","F","F","F","F","F","F","F","F","F","F","F","F","F","F","F","F","F","F","F","F","F","F","F","F","F","F","F","F","F","F","F","F","F","F","F","F"
,"Yes, minor repairs are needed","Total, Persons per room (crowding)","345,770","100.0","100.0","100.0","31,180","100.0","100.0","100.0","44,820","100.0","100.0","100.0","84,570","100.0","100.0","100.0","122,970","100.0","100.0","100.0","39,990","100.0","100.0","100.0","30,880","100.0","100.0","100.0","52,110","100.0","100.0","100.0","51,290","100.0","100.0","100.0","10,950","100.0","100.0","100.0","1,530","100.0","100.0","100.0","2,710","100.0","100.0","100.0","6,710","100.0","100.0","100.0"
,,"One person or fewer per room","319,800","92.5","91.5","93.4","30,100","96.5","93.7","98.1","43,420","96.9","95.3","97.9","80,240","94.9","92.7","96.5","111,460","90.6","88.5","92.4","35,740","89.4","85.2","92.5","27,520","89.1","84.2","92.7","48,200","92.5","89.5","94.7","47,160","92.0","89.1","94.1","7,430","67.8","65.6","70.0","1,480","97.2","92.4","99.0","2,280","83.8","79.2","87.6","3,670","54.7","52.0","57.4"
,,"More than one but less than 1.5 persons per room","11,830","3.4","2.8","4.1","F","1.5","0.6","3.8","F","1.3","0.7","2.4","F","2.8","1.6","4.7","5,620E","4.6","3.5","6.0","F","4.8","3.0","7.6","F","6.2","3.8","10.0","F","3.4","2.1","5.4","F","2.9","1.6","5.0","1,330","12.1","10.7","13.7","F","F","F","F","F","8.2","5.5","11.9","1,060","15.9","14.0","18.0"
,,"1.5 persons or more per room","13,900","4.0","3.4","4.8","F","1.9","0.9","4.2","840E","1.9","1.1","3.1","F","2.3","1.3","4.0","5,670E","4.6","3.4","6.3","F","5.8","3.5","9.3","F","4.4","2.3","8.4","F","3.8","2.3","6.4","F","5.2","3.5","7.6","2,170","19.9","18.1","21.8","F","F","F","F","F","8.0","5.5","11.6","1,960","29.2","26.8","31.7"
,,"Persons per room not specified 17","F","F","F","F","F","F","F","F","F","F","F","F","F","F","F","F","F","F","F","F","F","F","F","F","F","F","F","F","F","F","F","F","F","F","F","F","F","F","F","F","F","F","F","F","F","F","F","F","F","F","F","F"
,"Yes, major repairs are needed","Total, Persons per room (crowding)","147,700","100.0","100.0","100.0","14,680","100.0","100.0","100.0","16,300","100.0","100.0","100.0","40,440","100.0","100.0","100.0","49,970","100.0","100.0","100.0","17,790","100.0","100.0","100.0","12,780","100.0","100.0","100.0","19,390","100.0","100.0","100.0","18,040","100.0","100.0","100.0","8,270","100.0","100.0","100.0","790E","100.0E","100.0","100.0","1,690","100.0","100.0","100.0","5,790","100.0","100.0","100.0"
,,"One person or fewer per room","131,890","89.3","87.5","90.9","13,970","95.2","90.0","97.7","14,420","88.5","84.2","91.7","38,520","95.3","90.4","97.7","44,020","88.1","84.3","91.1","15,470","87.0","80.2","91.7","11,600","90.7","84.6","94.6","16,950","87.4","79.7","92.4","15,860","87.9","80.1","92.9","5,090","61.5","58.7","64.3","F","93.4E","83.0","97.6","1,380","81.7","75.7","86.5","2,970","51.3","48.1","54.5"
,,"More than one but less than 1.5 persons per room","8,350","5.7","4.4","7.3","F","2.0","0.9","4.6","F","6.7","4.2","10.4","F","F","F","F","F","6.2","4.1","9.4","F","6.2","3.2","11.8","F","6.2","3.1","11.9","F","6.3","2.9","13.0","F","6.5","3.2","12.8","1,100","13.3","11.6","15.2","F","F","F","F","F","11.1","6.9","17.4","900","15.5","13.5","17.7"
,,"1.5 persons or more per room","6,900","4.7","3.8","5.8","F","F","F","F","780E","4.8","3.0","7.4","F","F","F","F","F","5.5","3.5","8.4","F","6.2","3.2","12.0","F","F","F","F","F","6.3","3.1","12.4","F","F","F","F","2,080","25.1","22.8","27.5","F","F","F","F","F","7.2","4.7","10.7","1,920","33.2","30.4","36.1"
,,"Persons per room not specified 17","F","F","F","F","F","F","F","F","F","F","F","F","F","F","F","F","F","F","F","F","F","F","F","F","F","F","F","F","F","F","F","F","F","F","F","F","F","F","F","F","F","F","F","F","F","F","F","F","F","F","F","F"
"Self-perceived general health, excellent or very good","Total, housing - Needs repairs","Total, Persons per room (crowding)","456,010","100.0","100.0","100.0","37,490","100.0","100.0","100.0","63,050","100.0","100.0","100.0","107,410","100.0","100.0","100.0","162,650","100.0","100.0","100.0","50,910","100.0","100.0","100.0","36,220","100.0","100.0","100.0","75,520","100.0","100.0","100.0","71,850","100.0","100.0","100.0","13,560","100.0","100.0","100.0","2,120","100.0","100.0","100.0","3,000","100.0","100.0","100.0","8,440","100.0","100.0","100.0"
,,"One person or fewer per room","424,500","93.1","92.2","93.9","36,280","96.8","94.9","98.0","61,020","96.8","95.4","97.8","102,440","95.4","93.6","96.7","149,740","92.1","90.3","93.5","47,130","92.6","89.3","94.9","33,240","91.8","88.2","94.3","69,380","91.9","88.9","94.1","66,220","92.2","89.5","94.2","8,780","64.8","62.6","66.8","1,970","93.0","87.8","96.1","2,570","85.5","82.0","88.5","4,240","50.3","47.7","52.9"
,,"More than one but less than 1.5 persons per room","15,220","3.3","2.8","4.0","F","1.6","0.8","3.1","F","1.4","0.8","2.5","F","2.7","1.6","4.3","6,310E","3.9","2.9","5.2","F","3.4","2.0","5.5","F","3.7","2.1","6.6","F","4.3","2.7","6.8","F","3.9","2.5","6.0","1,760","13.0","11.6","14.4","F","F","F","F","F","6.3","4.4","9.0","1,500","17.8","16.0","19.8"
,,"1.5 persons or more per room","15,350","3.4","2.9","3.9","F","1.5","0.8","2.9","840E","1.3","0.8","2.3","F","2.0","1.3","3.0","6,230E","3.8","2.9","5.1","F","3.5","2.0","6.1","F","4.4","2.6","7.3","F","3.8","2.5","5.9","F","3.7","2.4","5.6","2,970","21.9","20.2","23.7","F","F","F","F","F","8.0","5.8","10.9","2,660","31.6","29.2","34.1"
,,"Persons per room not specified 17","F","0.2","0.1","0.4","F","F","F","F","F","F","F","F","F","F","F","F","F","F","F","F","F","F","F","F","F","F","F","F","F","F","F","F","F","F","F","F","F","F","F","F","F","F","F","F","F","F","F","F","F","F","F","F"
,"No, only regular maintenance is needed","Total, Persons per room (crowding)","293,690","100.0","100.0","100.0","21,580","100.0","100.0","100.0","38,980","100.0","100.0","100.0","70,800","100.0","100.0","100.0","105,060","100.0","100.0","100.0","31,840","100.0","100.0","100.0","21,810","100.0","100.0","100.0","51,410","100.0","100.0","100.0","51,300","100.0","100.0","100.0","5,980","100.0","100.0","100.0","1,290E","100.0E","100.0","100.0","1,510","100.0","100.0","100.0","3,180","100.0","100.0","100.0"
,,"One person or fewer per room","276,660","94.2","93.1","95.1","20,960","97.1","94.8","98.4","38,130","97.8","96.2","98.8","67,190","94.9","92.4","96.6","98,310","93.6","91.5","95.2","30,180","94.8","90.9","97.0","20,000","91.7","86.6","95.0","48,140","93.6","90.5","95.8","47,930","93.4","90.5","95.5","4,130","69.1","65.9","72.1","1,190E","92.4E","85.2","96.3","1,350","89.8","84.7","93.3","1,590","49.8","45.7","54.0"
,,"More than one but less than 1.5 persons per room","9,210","3.1","2.4","4.0","F","1.9","0.9","4.1","F","1.2","0.5","2.9","F","3.2","1.8","5.6","F","3.2","2.1","4.8","F","2.5","1.1","5.5","F","3.3","1.4","7.3","F","3.7","2.1","6.4","F","4.0","2.5","6.5","650E","10.9","9.0","13.2","F","F","F","F","F","F","F","F","560","17.7","14.8","21.0"
,,"1.5 persons or more per room","7,290","2.5","1.9","3.2","F","F","F","F","F","0.9","0.4","2.0","F","1.9","1.1","3.4","F","2.9","1.9","4.4","F","1.8","0.7","4.6","F","5.0","2.6","9.6","F","2.7","1.5","4.9","F","2.3","1.2","4.5","1,190","19.8","17.1","22.8","F","F","F","F","F","7.3","4.4","11.9","1,030","32.3","28.2","36.8"
,,"Persons per room not specified 17","F","0.2","0.1","0.5","F","F","F","F","F","F","F","F","F","F","F","F","F","F","F","F","F","F","F","F","F","F","F","F","F","F","F","F","F","F","F","F","F","F","F","F","F","F","F","F","F","F","F","F","F","F","F","F"
,"Yes, minor repairs are needed","Total, Persons per room (crowding)","123,080","100.0","100.0","100.0","11,170","100.0","100.0","100.0","20,140","100.0","100.0","100.0","27,760","100.0","100.0","100.0","43,100","100.0","100.0","100.0","13,470","100.0","100.0","100.0","11,410","100.0","100.0","100.0","18,210","100.0","100.0","100.0","16,560","100.0","100.0","100.0","4,360","100.0","100.0","100.0","F","F","F","F","920","100.0","100.0","100.0","2,930","100.0","100.0","100.0"
,,"One person or fewer per room","114,290","92.9","91.4","94.1","10,830","97.0","93.1","98.7","19,640","97.5","95.1","98.8","26,610","95.8","92.9","97.6","39,800","92.4","89.2","94.7","12,210","90.6","83.5","94.9","10,520","92.2","85.3","96.0","17,070","93.7","88.8","96.6","14,620","88.3","82.0","92.6","2,800","64.2","60.7","67.6","F","F","F","F","750","82.0","74.9","87.4","1,540","52.7","48.5","56.8"
,,"More than one but less than 1.5 persons per room","3,430","2.8","2.1","3.7","F","F","F","F","F","1.0","0.3","2.9","F","F","F","F","F","3.7","2.3","6.0","F","4.2","2.1","8.3","F","F","F","F","F","F","F","F","F","F","F","F","630","14.4","12.1","17.1","F","F","F","F","F","8.3","4.8","13.9","540","18.5","15.5","22.0"
,,"1.5 persons or more per room","5,340","4.3","3.4","5.6","F","F","F","F","F","1.5","0.6","3.6","F","2.7","1.3","5.2","F","3.9","2.3","6.6","F","F","F","F","F","F","F","F","F","F","F","F","F","8.7","5.0","14.7","920","21.1","18.3","24.2","F","F","F","F","F","9.7","5.9","15.6","830","28.4","24.8","32.3"
,,"Persons per room not specified 17","F","F","F","F","F","F","F","F","F","F","F","F","F","F","F","F","F","F","F","F","F","F","F","F","F","F","F","F","F","F","F","F","F","F","F","F","F","F","F","F","F","F","F","F","F","F","F","F","F","F","F","F"
,"Yes, major repairs are needed","Total, Persons per room (crowding)","38,510","100.0","100.0","100.0","4,740E","100.0E","100.0","100.0","3,680","100.0","100.0","100.0","8,590E","100.0E","100.0","100.0","14,370","100.0","100.0","100.0","5,520E","100.0E","100.0","100.0","F","F","F","F","5,900E","100.0E","100.0","100.0","3,990E","100.0E","100.0","100.0","3,150","100.0","100.0","100.0","F","F","F","F","580E","100.0E","100.0","100.0","2,280","100.0","100.0","100.0"
,,"One person or fewer per room","33,190","86.2","82.1","89.5","4,500E","94.9E","85.1","98.4","3,260E","88.8","81.7","93.3","8,370E","97.5E","91.3","99.3","11,550","80.4E","70.5","87.5","4,670E","84.6E","69.0","93.1","F","F","F","F","4,170E","70.6E","52.7","83.9","3,660E","91.8E","71.5","98.0","1,840","58.3","53.9","62.6","F","F","F","F","470E","80.0E","70.8","86.8","1,100","48.4","43.4","53.3"
,,"More than one but less than 1.5 persons per room","2,570E","6.7","4.3","10.1","F","F","F","F","F","6.3","2.9","13.2","F","F","F","F","F","9.3","4.6","18.0","F","F","F","F","F","F","F","F","F","F","F","F","F","F","F","F","460E","14.6","11.9","17.8","F","F","F","F","F","F","F","F","390E","16.9","13.7","20.7"
,,"1.5 persons or more per room","2,690","7.0","4.8","10.1","F","F","F","F","F","5.0","2.3","10.4","F","F","F","F","F","10.3","5.5","18.7","F","F","F","F","F","F","F","F","F","F","F","F","F","F","F","F","850","27.0","23.2","31.2","F","F","F","F","F","F","F","F","790","34.7","30.0","39.6"
,,"Persons per room not specified 17","F","F","F","F","F","F","F","F","F","F","F","F","F","F","F","F","F","F","F","F","F","F","F","F","F","F","F","F","F","F","F","F","F","F","F","F","F","F","F","F","F","F","F","F","F","F","F","F","F","F","F","F"
"Self-perceived general health, good ","Total, housing - Needs repairs","Total, Persons per room (crowding)","363,380","100.0","100.0","100.0","30,580","100.0","100.0","100.0","42,880","100.0","100.0","100.0","94,290","100.0","100.0","100.0","129,380","100.0","100.0","100.0","41,380","100.0","100.0","100.0","30,550","100.0","100.0","100.0","57,450","100.0","100.0","100.0","55,320","100.0","100.0","100.0","10,930","100.0","100.0","100.0","1,500","100.0","100.0","100.0","2,520","100.0","100.0","100.0","6,920","100.0","100.0","100.0"
,,"One person or fewer per room","336,550","92.6","91.7","93.5","29,260","95.7","92.2","97.7","40,690","94.9","93.2","96.2","89,210","94.6","91.9","96.4","118,340","91.5","89.6","93.0","37,360","90.3","86.6","93.1","26,780","87.7","83.0","91.2","54,200","94.3","92.0","96.0","51,800","93.6","91.0","95.5","7,260","66.4","64.1","68.6","1,460","97.5","92.8","99.2","2,140","84.8","79.2","89.1","3,660","53.0","50.3","55.6"
,,"More than one but less than 1.5 persons per room","11,660","3.2","2.6","3.9","F","1.5","0.7","3.3","1,110E","2.6","1.7","3.9","F","3.0","1.6","5.5","4,740E","3.7","2.7","4.9","F","4.4","2.6","7.4","F","5.7","3.6","8.8","F","2.0","1.2","3.5","F","2.4","1.4","3.8","1,230","11.2","9.8","12.9","F","F","F","F","F","7.8","4.7","12.8","1,020","14.7","12.9","16.7"
,,"1.5 persons or more per room","14,600","4.0","3.4","4.7","F","2.7","1.2","6.3","1,070E","2.5","1.6","3.8","F","2.3","1.3","3.8","6,070E","4.7","3.5","6.2","F","5.1","3.2","8.2","F","6.3","3.7","10.5","F","3.5","2.2","5.7","F","3.7","2.3","5.9","2,440","22.3","20.4","24.3","F","F","F","F","F","7.3","4.6","11.5","2,230","32.2","29.8","34.8"
,,"Persons per room not specified 17","F","0.2","0.1","0.3","F","F","F","F","F","F","F","F","F","F","F","F","F","F","F","F","F","F","F","F","F","F","F","F","F","F","F","F","F","F","F","F","F","F","F","F","F","F","F","F","F","F","F","F","F","F","F","F"
,"No, only regular maintenance is needed","Total, Persons per room (crowding)","187,750","100.0","100.0","100.0","14,160","100.0","100.0","100.0","20,930","100.0","100.0","100.0","48,630","100.0","100.0","100.0","67,150","100.0","100.0","100.0","20,920","100.0","100.0","100.0","14,670","100.0","100.0","100.0","31,560","100.0","100.0","100.0","32,840","100.0","100.0","100.0","4,050","100.0","100.0","100.0","F","F","F","F","970","100.0","100.0","100.0","2,440","100.0","100.0","100.0"
,,"One person or fewer per room","175,510","93.5","92.1","94.6","13,660","96.5","91.2","98.6","20,300","97.0","94.7","98.3","46,190","95.0","90.7","97.4","61,960","92.3","89.6","94.3","19,100","91.3","86.2","94.6","12,730","86.8","79.4","91.8","30,130","95.5","92.2","97.4","30,690","93.4","90.0","95.8","2,710","66.9","63.1","70.6","F","F","F","F","840","86.8","78.7","92.1","1,250","51.3","46.7","55.8"
,,"More than one but less than 1.5 persons per room","5,330","2.8","2.0","4.0","F","F","F","F","F","1.5","0.7","3.4","F","F","F","F","F","3.1","1.9","4.9","F","F","F","F","F","4.6","2.2","9.2","F","F","F","F","F","2.5","1.3","4.4","480E","11.8","9.6","14.5","F","F","F","F","F","6.8","3.5","12.8","400E","16.3","13.2","19.9"
,,"1.5 persons or more per room","6,650","3.5","2.8","4.5","F","F","F","F","F","1.5","0.7","3.4","F","2.0","1.0","3.7","F","4.6","3.1","6.8","F","4.5","2.4","8.2","F","8.3","4.3","15.6","F","2.9","1.3","6.1","F","3.5","1.9","6.5","860","21.3","18.2","24.7","F","F","F","F","F","F","F","F","790","32.4","28.2","36.9"
,,"Persons per room not specified 17","F","F","F","F","F","F","F","F","F","F","F","F","F","F","F","F","F","F","F","F","F","F","F","F","F","F","F","F","F","F","F","F","F","F","F","F","F","F","F","F","F","F","F","F","F","F","F","F","F","F","F","F"
,"Yes, minor repairs are needed","Total, Persons per room (crowding)","128,380","100.0","100.0","100.0","11,950","100.0","100.0","100.0","15,260","100.0","100.0","100.0","32,840","100.0","100.0","100.0","46,790","100.0","100.0","100.0","15,290","100.0","100.0","100.0","11,150","100.0","100.0","100.0","20,350","100.0","100.0","100.0","17,450","100.0","100.0","100.0","4,090","100.0","100.0","100.0","F","F","F","F","980","100.0","100.0","100.0","2,490","100.0","100.0","100.0"
,,"One person or fewer per room","117,880","91.8","90.0","93.3","11,470","95.9","89.7","98.5","14,620","95.8","92.8","97.5","30,590","93.1","88.5","96.0","42,120","90.0","86.4","92.7","13,390","87.6","79.6","92.7","9,880","88.6","81.2","93.3","18,850","92.6","87.9","95.6","16,350","93.7","88.6","96.7","2,730","66.8","63.1","70.3","F","F","F","F","790","81.4E","71.7","88.3","1,310","52.8","48.3","57.2"
,,"More than one but less than 1.5 persons per room","4,540","3.5","2.6","4.8","F","F","F","F","F","1.4","0.6","3.5","F","F","F","F","F","4.7","3.1","7.3","F","6.2","3.0","12.3","F","7.4","4.1","13.2","F","F","F","F","F","F","F","F","440E","10.7","8.6","13.3","F","F","F","F","F","F","F","F","360E","14.6","11.7","18.0"
,,"1.5 persons or more per room","5,800","4.5","3.4","6.0","F","F","F","F","F","2.8","1.4","5.4","F","3.6","1.6","7.8","F","4.9","3.0","7.8","F","F","F","F","F","F","F","F","F","4.9","2.5","9.2","F","F","F","F","920","22.4","19.3","25.8","F","F","F","F","F","F","F","F","810","32.5","28.3","37.0"
,,"Persons per room not specified 17","F","F","F","F","F","F","F","F","F","F","F","F","F","F","F","F","F","F","F","F","F","F","F","F","F","F","F","F","F","F","F","F","F","F","F","F","F","F","F","F","F","F","F","F","F","F","F","F","F","F","F","F"
,"Yes, major repairs are needed","Total, Persons per room (crowding)","47,020","100.0","100.0","100.0","4,450E","100.0E","100.0","100.0","6,660","100.0","100.0","100.0","12,700","100.0","100.0","100.0","15,430","100.0","100.0","100.0","5,150E","100.0E","100.0","100.0","4,740E","100.0E","100.0","100.0","5,540E","100.0E","100.0","100.0","5,030E","100.0E","100.0","100.0","2,750","100.0","100.0","100.0","F","F","F","F","570E","100.0E","100.0","100.0","1,940","100.0","100.0","100.0"
,,"One person or fewer per room","43,090","91.6","89.1","93.7","4,130E","92.8E","77.5","98.0","5,750","86.4","77.9","91.9","12,430E","97.8","93.2","99.3","14,250","92.3","86.5","95.8","4,850E","94.2E","83.8","98.1","4,170E","88.0E","75.3","94.7","5,220E","94.3E","83.6","98.2","4,750E","94.5E","84.4","98.2","1,780","64.9","60.5","69.1","F","F","F","F","500E","87.3E","71.9","94.8","1,070","54.8","50.0","59.6"
,,"More than one but less than 1.5 persons per room","1,780E","3.8","2.6","5.6","F","F","F","F","F","8.7","4.4","16.3","F","F","F","F","F","F","F","F","F","F","F","F","F","F","F","F","F","F","F","F","F","F","F","F","300E","11.0","8.1","14.7","F","F","F","F","F","F","F","F","250E","12.6","9.7","16.2"
,,"1.5 persons or more per room","2,130","4.5","3.1","6.6","F","F","F","F","F","4.8","2.1","10.5","F","F","F","F","F","F","F","F","F","F","F","F","F","F","F","F","F","F","F","F","F","F","F","F","660","24.0","20.5","27.9","F","F","F","F","F","F","F","F","630","32.4","28.1","37.1"
,,"Persons per room not specified 17","F","F","F","F","F","F","F","F","F","F","F","F","F","F","F","F","F","F","F","F","F","F","F","F","F","F","F","F","F","F","F","F","F","F","F","F","F","F","F","F","F","F","F","F","F","F","F","F","F","F","F","F"
"Self-perceived general health, fair or poor ","Total, housing - Needs repairs","Total, Persons per room (crowding)","257,530","100.0","100.0","100.0","21,240","100.0","100.0","100.0","25,690","100.0","100.0","100.0","67,910","100.0","100.0","100.0","90,330","100.0","100.0","100.0","29,390","100.0","100.0","100.0","22,370","100.0","100.0","100.0","38,570","100.0","100.0","100.0","45,880","100.0","100.0","100.0","6,480","100.0","100.0","100.0","1,040E","100.0E","100.0","100.0","1,750","100.0","100.0","100.0","3,690","100.0","100.0","100.0"
,,"One person or fewer per room","237,330","92.2","90.9","93.3","20,760","97.7","94.9","99.0","24,770","96.4","94.2","97.8","64,080","94.4","91.1","96.5","81,230","89.9","87.3","92.1","25,970","88.4","83.4","92.0","19,710","88.1","82.1","92.3","35,550","92.2","88.2","94.9","41,910","91.4","87.7","94.0","4,580","70.6","67.6","73.4","980E","94.5E","86.9","97.8","1,500","85.9","81.3","89.5","2,090","56.6","52.7","60.4"
,,"More than one but less than 1.5 persons per room","10,900","4.2","3.4","5.3","F","F","F","F","F","1.8","0.9","3.6","F","3.6","1.9","6.7","4,720E","5.2","3.8","7.2","F","6.3","3.7","10.6","F","6.6","3.8","11.1","F","3.6","2.0","6.4","F","4.8","2.9","7.8","720","11.1","9.4","13.1","F","F","F","F","F","8.5","5.8","12.3","520","14.1","11.8","16.8"
,,"1.5 persons or more per room","8,190","3.2","2.5","4.0","F","F","F","F","F","1.8","0.9","3.5","F","1.7","0.8","3.6","F","4.3","2.9","6.4","F","4.8","2.7","8.2","F","5.3","2.6","10.4","F","3.4","1.7","6.9","F","3.0","1.8","5.0","1,190","18.3","16.0","20.9","F","F","F","F","F","5.6","3.5","9.0","1,080","29.3","25.8","33.0"
,,"Persons per room not specified 17","F","0.4","0.2","1.0","F","F","F","F","F","F","F","F","F","F","F","F","F","F","F","F","F","F","F","F","F","F","F","F","F","F","F","F","F","F","F","F","F","F","F","F","F","F","F","F","F","F","F","F","F","F","F","F"
,"No, only regular maintenance is needed","Total, Persons per room (crowding)","100,910","100.0","100.0","100.0","7,830","100.0","100.0","100.0","10,330","100.0","100.0","100.0","24,530","100.0","100.0","100.0","36,960","100.0","100.0","100.0","11,000","100.0","100.0","100.0","8,940","100.0","100.0","100.0","17,010","100.0","100.0","100.0","19,620","100.0","100.0","100.0","1,630","100.0","100.0","100.0","F","F","F","F","400E","100.0E","100.0","100.0","850","100.0","100.0","100.0"
,,"One person or fewer per room","94,230","93.4","91.5","94.9","7,760","99.1","95.0","99.8","10,210","98.8","95.5","99.7","23,240","94.7","89.7","97.4","33,470","90.6","86.8","93.4","9,900","89.9","81.1","94.9","7,860","87.9","80.4","92.8","15,720","92.4","86.5","95.8","18,320","93.4","88.6","96.2","1,230","75.3","69.8","80.0","F","F","F","F","360E","91.4E","82.0","96.1","480","57.1E","49.7","64.3"
,,"More than one but less than 1.5 persons per room","F","3.0","2.0","4.5","F","F","F","F","F","F","F","F","F","F","F","F","F","4.3","2.5","7.5","F","F","F","F","F","F","F","F","F","F","F","F","F","4.2","2.0","8.5","F","7.3","4.7","11.0","F","F","F","F","F","F","F","F","F","11.5","7.5","17.1"
,,"1.5 persons or more per room","3,360E","3.3","2.3","4.8","F","F","F","F","F","F","F","F","F","F","F","F","F","4.6","2.7","7.7","F","F","F","F","F","F","F","F","F","F","F","F","F","F","F","F","F","17.5","13.4","22.4","F","F","F","F","F","F","F","F","270E","31.4E","24.8","38.9"
,,"Persons per room not specified 17","F","F","F","F","F","F","F","F","F","F","F","F","F","F","F","F","F","F","F","F","F","F","F","F","F","F","F","F","F","F","F","F","F","F","F","F","F","F","F","F","F","F","F","F","F","F","F","F","F","F","F","F"
,"Yes, minor repairs are needed","Total, Persons per room (crowding)","94,170","100.0","100.0","100.0","8,060","100.0","100.0","100.0","9,400","100.0","100.0","100.0","23,880","100.0","100.0","100.0","33,080","100.0","100.0","100.0","11,210","100.0","100.0","100.0","8,320","100.0","100.0","100.0","13,550","100.0","100.0","100.0","17,280","100.0","100.0","100.0","2,480","100.0","100.0","100.0","F","F","F","F","810","100.0","100.0","100.0","1,280","100.0","100.0","100.0"
,,"One person or fewer per room","87,500","92.9","90.6","94.7","7,800","96.8","89.8","99.0","9,160","97.4","93.0","99.1","22,970","96.2","91.3","98.3","29,520","89.2","83.9","93.0","10,120","90.3","81.4","95.1","7,120","85.6E","71.8","93.3","12,280","90.6","81.6","95.5","16,180","93.7","87.9","96.8","1,880","75.7","71.3","79.7","F","F","F","F","720E","88.6","80.5","93.6","800","62.8","56.7","68.6"
,,"More than one but less than 1.5 persons per room","3,840E","4.1","2.8","5.9","F","F","F","F","F","F","F","F","F","F","F","F","F","5.5","3.2","9.3","F","F","F","F","F","F","F","F","F","5.8","2.6","12.2","F","F","F","F","F","10.6","8.0","14.0","F","F","F","F","F","F","F","F","F","12.4","8.9","17.0"
,,"1.5 persons or more per room","2,760E","2.9","1.9","4.6","F","F","F","F","F","1.2","0.3","4.9","F","F","F","F","F","5.1","2.6","9.6","F","F","F","F","F","F","F","F","F","F","F","F","F","F","F","F","340E","13.6","10.5","17.5","F","F","F","F","F","F","F","F","320E","24.7","19.4","30.9"
,,"Persons per room not specified 17","F","F","F","F","F","F","F","F","F","F","F","F","F","F","F","F","F","F","F","F","F","F","F","F","F","F","F","F","F","F","F","F","F","F","F","F","F","F","F","F","F","F","F","F","F","F","F","F","F","F","F","F"
,"Yes, major repairs are needed","Total, Persons per room (crowding)","61,910","100.0","100.0","100.0","5,350E","100.0E","100.0","100.0","5,960","100.0","100.0","100.0","19,160","100.0","100.0","100.0","20,100","100.0","100.0","100.0","7,120","100.0","100.0","100.0","5,020E","100.0E","100.0","100.0","7,950E","100.0E","100.0","100.0","8,980","100.0","100.0","100.0","2,370","100.0","100.0","100.0","F","F","F","F","540E","100.0E","100.0","100.0","1,560","100.0","100.0","100.0"
,,"One person or fewer per room","55,350","89.4","86.2","91.9","5,200E","97.2E","91.5","99.1","5,400E","90.7","84.3","94.7","17,730","92.5E","82.6","97.0","18,150","90.3","85.2","93.8","5,950E","83.6E","72.4","90.8","4,640E","92.4E","83.4","96.7","7,560E","95.0E","87.5","98.1","7,410E","82.5E","70.2","90.4","1,460","61.9","56.5","66.9","F","F","F","F","420E","77.6E","68.6","84.7","800","51.1","44.2","57.9"
,,"More than one but less than 1.5 persons per room","4,000E","6.5","4.3","9.6","F","F","F","F","F","4.7","2.0","10.6","F","F","F","F","F","6.5","3.7","11.2","F","F","F","F","F","F","F","F","F","F","F","F","F","F","F","F","340E","14.3","11.3","17.9","F","F","F","F","F","10.4E","5.8","17.9","260E","16.9","13.1","21.6"
,,"1.5 persons or more per room","2,080E","3.4","2.3","4.8","F","F","F","F","F","4.6","2.2","9.5","F","F","F","F","F","F","F","F","F","F","F","F","F","F","F","F","F","F","F","F","F","F","F","F","560E","23.9","19.6","28.6","F","F","F","F","F","12.0E","6.5","20.9","500","32.0","26.2","38.3"
,,"Persons per room not specified 17","F","F","F","F","F","F","F","F","F","F","F","F","F","F","F","F","F","F","F","F","F","F","F","F","F","F","F","F","F","F","F","F","F","F","F","F","F","F","F","F","F","F","F","F","F","F","F","F","F","F","F","F"
"Self-perceived general health not specified 17","Total, housing - Needs repairs","Total, Persons per room (crowding)","F","F","F","F","F","F","F","F","F","F","F","F","F","F","F","F","F","F","F","F","F","F","F","F","F","F","F","F","F","F","F","F","F","F","F","F","F","F","F","F","F","F","F","F","F","F","F","F","F","F","F","F"
,,"One person or fewer per room","F","F","F","F","F","F","F","F","F","F","F","F","F","F","F","F","F","F","F","F","F","F","F","F","F","F","F","F","F","F","F","F","F","F","F","F","F","F","F","F","F","F","F","F","F","F","F","F","F","F","F","F"
,,"More than one but less than 1.5 persons per room","F","F","F","F","F","F","F","F","F","F","F","F","F","F","F","F","F","F","F","F","F","F","F","F","F","F","F","F","F","F","F","F","F","F","F","F","F","F","F","F","F","F","F","F","F","F","F","F","F","F","F","F"
,,"1.5 persons or more per room","F","F","F","F","F","F","F","F","F","F","F","F","F","F","F","F","F","F","F","F","F","F","F","F","F","F","F","F","F","F","F","F","F","F","F","F","F","F","F","F","F","F","F","F","F","F","F","F","F","F","F","F"
,,"Persons per room not specified 17","F","F","F","F","F","F","F","F","F","F","F","F","F","F","F","F","F","F","F","F","F","F","F","F","F","F","F","F","F","F","F","F","F","F","F","F","F","F","F","F","F","F","F","F","F","F","F","F","F","F","F","F"
,"No, only regular maintenance is needed","Total, Persons per room (crowding)","F","F","F","F","F","F","F","F","F","F","F","F","F","F","F","F","F","F","F","F","F","F","F","F","F","F","F","F","F","F","F","F","F","F","F","F","F","F","F","F","F","F","F","F","F","F","F","F","F","F","F","F"
,,"One person or fewer per room","F","F","F","F","F","F","F","F","F","F","F","F","F","F","F","F","F","F","F","F","F","F","F","F","F","F","F","F","F","F","F","F","F","F","F","F","F","F","F","F","F","F","F","F","F","F","F","F","F","F","F","F"
,,"More than one but less than 1.5 persons per room","F","F","F","F","F","F","F","F","F","F","F","F","F","F","F","F","F","F","F","F","F","F","F","F","F","F","F","F","F","F","F","F","F","F","F","F","F","F","F","F","F","F","F","F","F","F","F","F","F","F","F","F"
,,"1.5 persons or more per room","F","F","F","F","F","F","F","F","F","F","F","F","F","F","F","F","F","F","F","F","F","F","F","F","F","F","F","F","F","F","F","F","F","F","F","F","F","F","F","F","F","F","F","F","F","F","F","F","F","F","F","F"
,,"Persons per room not specified 17","F","F","F","F","F","F","F","F","F","F","F","F","F","F","F","F","F","F","F","F","F","F","F","F","F","F","F","F","F","F","F","F","F","F","F","F","F","F","F","F","F","F","F","F","F","F","F","F","F","F","F","F"
,"Yes, minor repairs are needed","Total, Persons per room (crowding)","F","F","F","F","F","F","F","F","F","F","F","F","F","F","F","F","F","F","F","F","F","F","F","F","F","F","F","F","F","F","F","F","F","F","F","F","F","F","F","F","F","F","F","F","F","F","F","F","F","F","F","F"
,,"One person or fewer per room","F","F","F","F","F","F","F","F","F","F","F","F","F","F","F","F","F","F","F","F","F","F","F","F","F","F","F","F","F","F","F","F","F","F","F","F","F","F","F","F","F","F","F","F","F","F","F","F","F","F","F","F"
,,"More than one but less than 1.5 persons per room","F","F","F","F","F","F","F","F","F","F","F","F","F","F","F","F","F","F","F","F","F","F","F","F","F","F","F","F","F","F","F","F","F","F","F","F","F","F","F","F","F","F","F","F","F","F","F","F","F","F","F","F"
,,"1.5 persons or more per room","F","F","F","F","F","F","F","F","F","F","F","F","F","F","F","F","F","F","F","F","F","F","F","F","F","F","F","F","F","F","F","F","F","F","F","F","F","F","F","F","F","F","F","F","F","F","F","F","F","F","F","F"
,,"Persons per room not specified 17","F","F","F","F","F","F","F","F","F","F","F","F","F","F","F","F","F","F","F","F","F","F","F","F","F","F","F","F","F","F","F","F","F","F","F","F","F","F","F","F","F","F","F","F","F","F","F","F","F","F","F","F"
,"Yes, major repairs are needed","Total, Persons per room (crowding)","F","F","F","F","F","F","F","F","F","F","F","F","F","F","F","F","F","F","F","F","F","F","F","F","F","F","F","F","F","F","F","F","F","F","F","F","F","F","F","F","F","F","F","F","F","F","F","F","F","F","F","F"
,,"One person or fewer per room","F","F","F","F","F","F","F","F","F","F","F","F","F","F","F","F","F","F","F","F","F","F","F","F","F","F","F","F","F","F","F","F","F","F","F","F","F","F","F","F","F","F","F","F","F","F","F","F","F","F","F","F"
,,"More than one but less than 1.5 persons per room","F","F","F","F","F","F","F","F","F","F","F","F","F","F","F","F","F","F","F","F","F","F","F","F","F","F","F","F","F","F","F","F","F","F","F","F","F","F","F","F","F","F","F","F","F","F","F","F","F","F","F","F"
,,"1.5 persons or more per room","F","F","F","F","F","F","F","F","F","F","F","F","F","F","F","F","F","F","F","F","F","F","F","F","F","F","F","F","F","F","F","F","F","F","F","F","F","F","F","F","F","F","F","F","F","F","F","F","F","F","F","F"
,,"Persons per room not specified 17","F","F","F","F","F","F","F","F","F","F","F","F","F","F","F","F","F","F","F","F","F","F","F","F","F","F","F","F","F","F","F","F","F","F","F","F","F","F","F","F","F","F","F","F","F","F","F","F","F","F","F","F"
"Total, self-perceived mental health 5 16","Total, housing - Needs repairs","Total, Persons per room (crowding)","1,077,810","100.0","100.0","100.0","89,460","100.0","100.0","100.0","131,640","100.0","100.0","100.0","269,780","100.0","100.0","100.0","382,800","100.0","100.0","100.0","121,880","100.0","100.0","100.0","89,280","100.0","100.0","100.0","171,640","100.0","100.0","100.0","173,090","100.0","100.0","100.0","31,040","100.0","100.0","100.0","4,680","100.0","100.0","100.0","7,300","100.0","100.0","100.0","19,060","100.0","100.0","100.0"
,,"One person or fewer per room","999,250","92.7","92.2","93.2","86,450","96.6","95.3","97.6","126,480","96.1","95.2","96.8","255,910","94.9","93.5","95.9","349,760","91.4","90.3","92.4","110,660","90.8","88.7","92.5","79,860","89.4","87.0","91.5","159,240","92.8","91.1","94.1","159,970","92.4","90.9","93.7","20,670","66.6","65.1","68.1","4,440","94.8","91.9","96.7","6,230","85.3","82.8","87.5","10,010","52.5","50.7","54.3"
,,"More than one but less than 1.5 persons per room","37,800","3.5","3.1","3.9","F","1.5","1.0","2.5","2,480","1.9","1.4","2.6","8,120E","3.0","2.2","4.2","15,770","4.1","3.4","5.0","5,400E","4.4","3.3","6.0","4,570E","5.1","3.8","6.9","5,800E","3.4","2.4","4.7","6,330E","3.7","2.8","4.8","3,710","11.9","11.1","12.9","F","2.7","1.4","5.0","540E","7.4","5.7","9.5","3,040","16.0","14.8","17.2"
,,"1.5 persons or more per room","38,150","3.5","3.2","3.9","F","1.7","1.0","2.9","2,370","1.8","1.3","2.4","5,380E","2.0","1.4","2.8","16,220","4.2","3.6","5.0","5,300E","4.3","3.2","5.8","4,700E","5.3","3.8","7.3","6,230E","3.6","2.7","4.9","6,040E","3.5","2.7","4.5","6,600","21.3","20.1","22.5","F","F","F","F","520E","7.2","5.7","8.9","5,980","31.4","29.8","33.0"
,,"Persons per room not specified 17","F","0.2","0.2","0.4","F","F","F","F","F","F","F","F","F","F","F","F","F","0.3","0.1","0.5","F","F","F","F","F","F","F","F","F","F","F","F","F","F","F","F","F","0.2","0.1","0.4","F","F","F","F","F","F","F","F","F","F","F","F"
,"No, only regular maintenance is needed","Total, Persons per room (crowding)","582,840","100.0","100.0","100.0","43,590","100.0","100.0","100.0","70,230","100.0","100.0","100.0","144,050","100.0","100.0","100.0","209,520","100.0","100.0","100.0","63,960","100.0","100.0","100.0","45,470","100.0","100.0","100.0","100,090","100.0","100.0","100.0","103,760","100.0","100.0","100.0","11,700","100.0","100.0","100.0","2,350","100.0","100.0","100.0","2,890","100.0","100.0","100.0","6,470","100.0","100.0","100.0"
,,"One person or fewer per room","546,880","93.8","93.1","94.5","42,390","97.2","95.4","98.4","68,630","97.7","96.6","98.4","136,720","94.9","93.1","96.3","194,100","92.6","91.2","93.9","59,360","92.8","90.2","94.8","40,650","89.4","85.9","92.1","94,090","94.0","91.9","95.6","96,950","93.4","91.5","94.9","8,100","69.2","67.1","71.4","2,220","94.5","90.1","97.0","2,560","88.9","85.4","91.6","3,320","51.3","48.5","54.2"
,,"More than one but less than 1.5 persons per room","17,600","3.0","2.5","3.6","F","1.4","0.7","2.7","830E","1.2","0.7","2.1","F","2.9","1.9","4.5","7,030E","3.4","2.5","4.4","F","3.7","2.3","5.9","F","4.1","2.5","6.5","F","2.8","1.8","4.4","F","3.6","2.5","5.0","1,250","10.7","9.4","12.2","F","F","F","F","F","4.5","2.9","7.0","1,060","16.3","14.4","18.5"
,,"1.5 persons or more per room","17,300","3.0","2.5","3.5","F","1.2","0.5","2.9","720E","1.0","0.6","1.8","F","2.1","1.4","3.2","7,820E","3.7","2.9","4.8","F","2.9","1.8","4.7","F","6.5","4.3","9.6","F","3.0","1.9","4.6","F","2.7","1.8","4.1","2,330","20.0","18.1","22.0","F","F","F","F","F","6.4","4.3","9.3","2,090","32.3","29.5","35.2"
,,"Persons per room not specified 17","F","0.2","0.1","0.4","F","F","F","F","F","F","F","F","F","F","F","F","F","F","F","F","F","F","F","F","F","F","F","F","F","F","F","F","F","F","F","F","F","F","F","F","F","F","F","F","F","F","F","F","F","F","F","F"
,"Yes, minor repairs are needed","Total, Persons per room (crowding)","345,770","100.0","100.0","100.0","31,180","100.0","100.0","100.0","44,820","100.0","100.0","100.0","84,570","100.0","100.0","100.0","122,970","100.0","100.0","100.0","39,990","100.0","100.0","100.0","30,880","100.0","100.0","100.0","52,110","100.0","100.0","100.0","51,290","100.0","100.0","100.0","10,950","100.0","100.0","100.0","1,530","100.0","100.0","100.0","2,710","100.0","100.0","100.0","6,710","100.0","100.0","100.0"
,,"One person or fewer per room","319,800","92.5","91.5","93.4","30,100","96.5","93.7","98.1","43,420","96.9","95.3","97.9","80,240","94.9","92.7","96.5","111,460","90.6","88.5","92.4","35,740","89.4","85.2","92.5","27,520","89.1","84.2","92.7","48,200","92.5","89.5","94.7","47,160","92.0","89.1","94.1","7,430","67.8","65.6","70.0","1,480","97.2","92.4","99.0","2,280","83.8","79.2","87.6","3,670","54.7","52.0","57.4"
,,"More than one but less than 1.5 persons per room","11,830","3.4","2.8","4.1","F","1.5","0.6","3.8","F","1.3","0.7","2.4","F","2.8","1.6","4.7","5,620E","4.6","3.5","6.0","F","4.8","3.0","7.6","F","6.2","3.8","10.0","F","3.4","2.1","5.4","F","2.9","1.6","5.0","1,330","12.1","10.7","13.7","F","F","F","F","F","8.2","5.5","11.9","1,060","15.9","14.0","18.0"
,,"1.5 persons or more per room","13,900","4.0","3.4","4.8","F","1.9","0.9","4.2","840E","1.9","1.1","3.1","F","2.3","1.3","4.0","5,670E","4.6","3.4","6.3","F","5.8","3.5","9.3","F","4.4","2.3","8.4","F","3.8","2.3","6.4","F","5.2","3.5","7.6","2,170","19.9","18.1","21.8","F","F","F","F","F","8.0","5.5","11.6","1,960","29.2","26.8","31.7"
,,"Persons per room not specified 17","F","F","F","F","F","F","F","F","F","F","F","F","F","F","F","F","F","F","F","F","F","F","F","F","F","F","F","F","F","F","F","F","F","F","F","F","F","F","F","F","F","F","F","F","F","F","F","F","F","F","F","F"
,"Yes, major repairs are needed","Total, Persons per room (crowding)","147,700","100.0","100.0","100.0","14,680","100.0","100.0","100.0","16,300","100.0","100.0","100.0","40,440","100.0","100.0","100.0","49,970","100.0","100.0","100.0","17,790","100.0","100.0","100.0","12,780","100.0","100.0","100.0","19,390","100.0","100.0","100.0","18,040","100.0","100.0","100.0","8,270","100.0","100.0","100.0","790E","100.0E","100.0","100.0","1,690","100.0","100.0","100.0","5,790","100.0","100.0","100.0"
,,"One person or fewer per room","131,890","89.3","87.5","90.9","13,970","95.2","90.0","97.7","14,420","88.5","84.2","91.7","38,520","95.3","90.4","97.7","44,020","88.1","84.3","91.1","15,470","87.0","80.2","91.7","11,600","90.7","84.6","94.6","16,950","87.4","79.7","92.4","15,860","87.9","80.1","92.9","5,090","61.5","58.7","64.3","F","93.4E","83.0","97.6","1,380","81.7","75.7","86.5","2,970","51.3","48.1","54.5"
,,"More than one but less than 1.5 persons per room","8,350","5.7","4.4","7.3","F","2.0","0.9","4.6","F","6.7","4.2","10.4","F","F","F","F","F","6.2","4.1","9.4","F","6.2","3.2","11.8","F","6.2","3.1","11.9","F","6.3","2.9","13.0","F","6.5","3.2","12.8","1,100","13.3","11.6","15.2","F","F","F","F","F","11.1","6.9","17.4","900","15.5","13.5","17.7"
,,"1.5 persons or more per room","6,900","4.7","3.8","5.8","F","F","F","F","780E","4.8","3.0","7.4","F","F","F","F","F","5.5","3.5","8.4","F","6.2","3.2","12.0","F","F","F","F","F","6.3","3.1","12.4","F","F","F","F","2,080","25.1","22.8","27.5","F","F","F","F","F","7.2","4.7","10.7","1,920","33.2","30.4","36.1"
,,"Persons per room not specified 17","F","F","F","F","F","F","F","F","F","F","F","F","F","F","F","F","F","F","F","F","F","F","F","F","F","F","F","F","F","F","F","F","F","F","F","F","F","F","F","F","F","F","F","F","F","F","F","F","F","F","F","F"
"Self-perceived mental health, excellent or very good ","Total, housing - Needs repairs","Total, Persons per room (crowding)","400,840","100.0","100.0","100.0","33,840","100.0","100.0","100.0","68,020","100.0","100.0","100.0","93,190","100.0","100.0","100.0","135,430","100.0","100.0","100.0","44,440","100.0","100.0","100.0","30,730","100.0","100.0","100.0","60,260","100.0","100.0","100.0","58,310","100.0","100.0","100.0","12,050","100.0","100.0","100.0","1,730","100.0","100.0","100.0","2,640","100.0","100.0","100.0","7,680","100.0","100.0","100.0"
,,"One person or fewer per room","377,130","94.1","93.2","94.9","33,120","97.9","95.6","99.0","66,050","97.1","95.9","98.0","88,470","94.9","92.3","96.7","126,860","93.7","91.9","95.1","41,910","94.3","91.0","96.5","28,090","91.4","87.4","94.2","56,850","94.4","91.5","96.3","54,690","93.8","91.3","95.6","7,940","65.9","63.9","67.9","1,600","92.7","86.6","96.2","2,280","86.4","83.0","89.3","4,060","52.9","50.3","55.3"
,,"More than one but less than 1.5 persons per room","12,070","3.0","2.4","3.7","F","F","F","F","F","1.2","0.7","2.1","F","3.9","2.3","6.5","F","2.7","1.8","3.9","F","1.8","1.0","3.2","F","3.4","1.9","6.2","F","3.0","1.6","5.6","F","4.0","2.5","6.2","1,530","12.7","11.3","14.2","F","F","F","F","F","6.1","4.2","8.6","1,330","17.3","15.5","19.3"
,,"1.5 persons or more per room","10,740","2.7","2.2","3.2","F","1.6","0.6","3.9","840E","1.2","0.7","2.1","F","1.2","0.6","2.1","F","3.4","2.4","4.8","F","3.3","1.7","6.4","F","5.2","3.0","8.9","F","2.6","1.5","4.5","F","1.9","1.1","3.5","2,530","21.0","19.3","22.8","F","F","F","F","F","7.5","5.4","10.3","2,270","29.5","27.3","31.9"
,,"Persons per room not specified 17","F","0.2","0.1","0.5","F","F","F","F","F","F","F","F","F","F","F","F","F","F","F","F","F","F","F","F","F","F","F","F","F","F","F","F","F","F","F","F","F","F","F","F","F","F","F","F","F","F","F","F","F","F","F","F"
,"No, only regular maintenance is needed","Total, Persons per room (crowding)","253,440","100.0","100.0","100.0","19,510","100.0","100.0","100.0","40,690","100.0","100.0","100.0","60,420","100.0","100.0","100.0","87,130","100.0","100.0","100.0","26,690","100.0","100.0","100.0","18,250","100.0","100.0","100.0","42,200","100.0","100.0","100.0","40,730","100.0","100.0","100.0","4,960","100.0","100.0","100.0","1,020E","100.0E","100.0","100.0","1,140","100.0","100.0","100.0","2,800","100.0","100.0","100.0"
,,"One person or fewer per room","241,770","95.4","94.4","96.2","19,290","98.9","97.4","99.6","40,090","98.5","97.2","99.2","57,890","95.8","93.0","97.5","82,380","94.5","92.2","96.2","25,660","96.2","92.0","98.2","16,660","91.3","85.2","95.1","40,050","94.9","91.3","97.1","38,750","95.1","92.5","96.9","3,370","68.0","64.7","71.2","950E","92.6E","83.9","96.8","1,010","88.8","83.4","92.6","1,410","50.5","46.3","54.8"
,,"More than one but less than 1.5 persons per room","6,630","2.6","2.0","3.5","F","F","F","F","F","0.6","0.2","1.6","F","3.5","1.9","6.2","F","2.5","1.5","4.2","F","F","F","F","F","F","F","F","F","F","F","F","F","3.7","2.1","6.2","580E","11.7","9.6","14.1","F","F","F","F","F","F","F","F","520","18.6","15.5","22.1"
,,"1.5 persons or more per room","4,550","1.8","1.3","2.4","F","F","F","F","F","0.7","0.3","1.8","F","F","F","F","F","2.6","1.6","4.4","F","F","F","F","F","6.2","3.0","12.3","F","1.9","0.8","4.2","F","F","F","F","1,000","20.2","17.4","23.3","F","F","F","F","F","8.5","5.3","13.5","860","30.7","26.6","35.1"
,,"Persons per room not specified 17","F","F","F","F","F","F","F","F","F","F","F","F","F","F","F","F","F","F","F","F","F","F","F","F","F","F","F","F","F","F","F","F","F","F","F","F","F","F","F","F","F","F","F","F","F","F","F","F","F","F","F","F"
,"Yes, minor repairs are needed","Total, Persons per room (crowding)","108,940","100.0","100.0","100.0","9,480","100.0","100.0","100.0","21,520","100.0","100.0","100.0","24,420","100.0","100.0","100.0","36,140","100.0","100.0","100.0","12,450","100.0","100.0","100.0","9,390","100.0","100.0","100.0","14,290","100.0","100.0","100.0","13,340","100.0","100.0","100.0","4,030","100.0","100.0","100.0","F","F","F","F","910","100.0","100.0","100.0","2,710","100.0","100.0","100.0"
,,"One person or fewer per room","101,610","93.3","91.7","94.6","9,330","98.5","95.5","99.5","20,860","96.9","94.3","98.3","23,220","95.1","91.3","97.3","33,290","92.1","88.5","94.7","11,150","89.5","81.2","94.4","8,500","90.5","83.2","94.8","13,650","95.5","91.2","97.8","12,250","91.8","85.6","95.5","2,650","65.8","62.3","69.2","F","F","F","F","770","84.5","78.0","89.3","1,480","54.7","50.5","58.9"
,,"More than one but less than 1.5 persons per room","2,940","2.7","2.0","3.6","F","F","F","F","F","1.6","0.7","3.7","F","F","F","F","F","2.5","1.4","4.3","F","F","F","F","F","F","F","F","F","F","F","F","F","F","F","F","590","14.7","12.3","17.5","F","F","F","F","F","9.0","5.5","14.5","500","18.5","15.4","22.0"
,,"1.5 persons or more per room","4,320","4.0","2.9","5.3","F","F","F","F","F","1.5","0.6","3.6","F","F","F","F","F","5.2","3.1","8.6","F","F","F","F","F","F","F","F","F","F","F","F","F","F","F","F","780","19.3","16.6","22.3","F","F","F","F","F","F","F","F","720","26.5","23.0","30.4"
,,"Persons per room not specified 17","F","F","F","F","F","F","F","F","F","F","F","F","F","F","F","F","F","F","F","F","F","F","F","F","F","F","F","F","F","F","F","F","F","F","F","F","F","F","F","F","F","F","F","F","F","F","F","F","F","F","F","F"
,"Yes, major repairs are needed","Total, Persons per room (crowding)","37,790","100.0","100.0","100.0","4,860E","100.0E","100.0","100.0","5,550","100.0","100.0","100.0","8,070E","100.0E","100.0","100.0","12,070","100.0","100.0","100.0","5,210E","100.0E","100.0","100.0","F","F","F","F","F","F","F","F","4,240E","100.0E","100.0","100.0","3,000","100.0","100.0","100.0","F","F","F","F","590","100.0","100.0","100.0","2,140","100.0","100.0","100.0"
,,"One person or fewer per room","33,380","88.3","83.5","91.9","4,490E","92.4E","77.5","97.8","5,110","92.0","86.1","95.5","7,090E","87.8E","66.4","96.3","11,090","91.9","83.6","96.2","5,010E","96.2E","83.3","99.2","F","F","F","F","F","F","F","F","3,700E","87.3E","69.2","95.4","1,910","63.5","59.3","67.6","F","F","F","F","500E","84.8","77.3","90.2","1,150","53.9","49.3","58.4"
,,"More than one but less than 1.5 persons per room","2,500E","6.6","3.7","11.6","F","F","F","F","F","4.6","1.9","10.8","F","F","F","F","F","F","F","F","F","F","F","F","F","F","F","F","F","F","F","F","F","F","F","F","350E","11.8","9.4","14.6","F","F","F","F","F","F","F","F","310E","14.3","11.4","17.9"
,,"1.5 persons or more per room","1,830","4.9","3.3","7.2","F","F","F","F","F","3.4","1.4","7.8","F","F","F","F","F","F","F","F","F","F","F","F","F","F","F","F","F","F","F","F","F","F","F","F","740","24.7","21.2","28.5","F","F","F","F","F","7.1","3.7","13.2","680","31.8","27.6","36.3"
,,"Persons per room not specified 17","F","F","F","F","F","F","F","F","F","F","F","F","F","F","F","F","F","F","F","F","F","F","F","F","F","F","F","F","F","F","F","F","F","F","F","F","F","F","F","F","F","F","F","F","F","F","F","F","F","F","F","F"
"Self-perceived mental health, good ","Total, housing - Needs repairs","Total, Persons per room (crowding)","358,360","100.0","100.0","100.0","29,730","100.0","100.0","100.0","38,420","100.0","100.0","100.0","90,630","100.0","100.0","100.0","131,740","100.0","100.0","100.0","42,400","100.0","100.0","100.0","31,670","100.0","100.0","100.0","57,670","100.0","100.0","100.0","55,900","100.0","100.0","100.0","11,930","100.0","100.0","100.0","1,620","100.0","100.0","100.0","2,660","100.0","100.0","100.0","7,650","100.0","100.0","100.0"
,,"One person or fewer per room","330,260","92.2","91.2","93.0","28,480","95.8","92.9","97.5","36,340","94.6","92.8","96.0","87,330","96.3","94.5","97.6","119,550","90.7","88.7","92.4","37,860","89.3","85.2","92.3","28,310","89.4","85.0","92.6","53,380","92.6","89.4","94.8","50,730","90.7","87.4","93.2","7,840","65.7","63.2","68.0","1,580","97.7","93.2","99.2","2,210","83.2","77.9","87.5","4,040","52.8","50.0","55.6"
,,"More than one but less than 1.5 persons per room","12,780","3.6","2.9","4.3","F","2.9","1.5","5.3","1,060E","2.7","1.8","4.1","F","2.0","1.1","3.7","5,730E","4.3","3.2","5.8","F","5.2","3.2","8.5","F","5.2","3.2","8.3","F","3.2","1.9","5.5","F","3.3","2.0","5.5","1,460","12.3","10.9","13.8","F","F","F","F","F","8.8","5.6","13.6","1,210","15.8","14.0","17.7"
,,"1.5 persons or more per room","14,370","4.0","3.4","4.7","F","1.3","0.5","3.6","1,020E","2.6","1.7","4.0","F","1.6","0.9","2.8","6,150E","4.7","3.5","6.3","F","5.3","3.3","8.4","F","4.9","2.7","8.7","F","4.1","2.5","6.7","F","4.9","3.2","7.5","2,620","22.0","20.1","24.0","F","F","F","F","F","8.0","5.2","11.9","2,400","31.3","28.8","33.9"
,,"Persons per room not specified 17","F","0.3","0.1","0.6","F","F","F","F","F","F","F","F","F","F","F","F","F","F","F","F","F","F","F","F","F","F","F","F","F","F","F","F","F","F","F","F","F","F","F","F","F","F","F","F","F","F","F","F","F","F","F","F"
,"No, only regular maintenance is needed","Total, Persons per room (crowding)","189,180","100.0","100.0","100.0","13,810","100.0","100.0","100.0","18,710","100.0","100.0","100.0","49,020","100.0","100.0","100.0","69,820","100.0","100.0","100.0","22,100","100.0","100.0","100.0","15,970","100.0","100.0","100.0","31,760","100.0","100.0","100.0","33,360","100.0","100.0","100.0","4,450","100.0","100.0","100.0","F","F","F","F","1,060","100.0","100.0","100.0","2,670","100.0","100.0","100.0"
,,"One person or fewer per room","175,180","92.6","91.1","93.8","13,150","95.2","90.3","97.7","18,050","96.5","94.0","98.0","46,830","95.5","92.6","97.3","64,060","91.7","88.9","93.9","20,240","91.6","86.3","95.0","14,100","88.3","81.3","92.9","29,720","93.6","89.2","96.3","30,090","90.2","85.6","93.4","3,000","67.4","63.4","71.1","F","F","F","F","920","86.5","78.4","92.0","1,380","51.7","47.0","56.4"
,,"More than one but less than 1.5 persons per room","6,280","3.3","2.5","4.4","F","F","F","F","F","1.7","0.8","3.7","F","F","F","F","F","3.3","2.0","5.3","F","F","F","F","F","4.4","2.1","9.4","F","F","F","F","F","4.6","2.6","8.0","500E","11.2","9.0","13.7","F","F","F","F","F","F","F","F","410","15.3","12.4","18.7"
,,"1.5 persons or more per room","7,450","3.9","3.1","5.1","F","F","F","F","F","1.8","0.8","3.8","F","1.9","1.0","3.6","F","4.9","3.2","7.3","F","4.3","2.3","7.8","F","7.0","3.5","13.7","F","F","F","F","F","4.7","2.6","8.3","950","21.5","18.2","25.1","F","F","F","F","F","F","F","F","880","33.0","28.5","37.7"
,,"Persons per room not specified 17","F","F","F","F","F","F","F","F","F","F","F","F","F","F","F","F","F","F","F","F","F","F","F","F","F","F","F","F","F","F","F","F","F","F","F","F","F","F","F","F","F","F","F","F","F","F","F","F","F","F","F","F"
,"Yes, minor repairs are needed","Total, Persons per room (crowding)","122,620","100.0","100.0","100.0","12,230","100.0","100.0","100.0","14,660","100.0","100.0","100.0","28,600","100.0","100.0","100.0","44,860","100.0","100.0","100.0","14,700","100.0","100.0","100.0","11,490","100.0","100.0","100.0","18,680","100.0","100.0","100.0","17,950","100.0","100.0","100.0","4,310","100.0","100.0","100.0","F","F","F","F","980","100.0","100.0","100.0","2,630","100.0","100.0","100.0"
,,"One person or fewer per room","114,240","93.2","91.6","94.5","11,790","96.4","90.8","98.6","14,060","95.9","92.8","97.7","27,720","96.9","93.1","98.6","41,140","91.7","88.3","94.2","13,030","88.7","80.7","93.6","10,570","92.0","85.2","95.8","17,540","93.9","89.2","96.7","16,570","92.3","87.1","95.5","2,950","68.4","64.8","71.8","F","F","F","F","810","82.9E","74.5","88.9","1,430","54.5","50.1","58.8"
,,"More than one but less than 1.5 persons per room","3,340","2.7","1.9","3.8","F","F","F","F","F","1.5","0.6","3.8","F","F","F","F","F","3.9","2.4","6.2","F","6.2","3.0","12.1","F","F","F","F","F","F","F","F","F","F","F","F","460E","10.6","8.5","13.0","F","F","F","F","F","F","F","F","390E","14.9","12.1","18.3"
,,"1.5 persons or more per room","4,910","4.0","3.0","5.3","F","F","F","F","F","2.6","1.2","5.3","F","F","F","F","F","4.1","2.4","7.0","F","F","F","F","F","F","F","F","F","F","F","F","F","6.5","3.5","11.8","900","20.9","17.9","24.2","F","F","F","F","F","10.6","5.8","18.7","800","30.3","26.4","34.6"
,,"Persons per room not specified 17","F","F","F","F","F","F","F","F","F","F","F","F","F","F","F","F","F","F","F","F","F","F","F","F","F","F","F","F","F","F","F","F","F","F","F","F","F","F","F","F","F","F","F","F","F","F","F","F","F","F","F","F"
,"Yes, major repairs are needed","Total, Persons per room (crowding)","46,360","100.0","100.0","100.0","3,690E","100.0E","100.0","100.0","5,040","100.0","100.0","100.0","12,980E","100.0E","100.0","100.0","16,950","100.0","100.0","100.0","5,550E","100.0E","100.0","100.0","4,150E","100.0E","100.0","100.0","7,240E","100.0E","100.0","100.0","4,590E","100.0E","100.0","100.0","3,120","100.0","100.0","100.0","F","F","F","F","620E","100.0E","100.0","100.0","2,300","100.0","100.0","100.0"
,,"One person or fewer per room","40,810","88.0","84.4","90.9","3,540E","96.0E","88.1","98.7","4,220","83.8E","73.8","90.4","12,780E","98.5E","93.7","99.6","14,340","84.6","76.9","90.1","4,590E","82.6E","68.0","91.4","3,640E","87.6E","73.6","94.7","6,110E","84.4E","70.8","92.4","4,070E","88.7E","65.8","97.0","1,850","59.5","55.1","63.8","F","F","F","F","490E","78.1E","63.5","87.9","1,190","51.7","47.0","56.5"
,,"More than one but less than 1.5 persons per room","3,150E","6.8","4.7","9.6","F","F","F","F","F","10.3","5.3","19.3","F","F","F","F","F","10.0","5.7","17.0","F","F","F","F","F","F","F","F","F","F","F","F","F","F","F","F","490E","15.9","12.7","19.6","F","F","F","F","F","F","F","F","390E","16.9","13.8","20.6"
,,"1.5 persons or more per room","2,010","4.3","3.0","6.2","F","F","F","F","F","5.7","2.5","12.9","F","F","F","F","F","5.4","2.6","10.8","F","F","F","F","F","F","F","F","F","F","F","F","F","F","F","F","770","24.6","21.1","28.4","F","F","F","F","F","F","F","F","720","31.2","27.0","35.8"
,,"Persons per room not specified 17","F","F","F","F","F","F","F","F","F","F","F","F","F","F","F","F","F","F","F","F","F","F","F","F","F","F","F","F","F","F","F","F","F","F","F","F","F","F","F","F","F","F","F","F","F","F","F","F","F","F","F","F"
"Self-perceived mental health, fair or poor ","Total, housing - Needs repairs","Total, Persons per room (crowding)","317,130","100.0","100.0","100.0","25,740","100.0","100.0","100.0","25,050","100.0","100.0","100.0","85,870","100.0","100.0","100.0","114,730","100.0","100.0","100.0","34,750","100.0","100.0","100.0","26,800","100.0","100.0","100.0","53,190","100.0","100.0","100.0","58,780","100.0","100.0","100.0","6,950","100.0","100.0","100.0","1,300E","100.0E","100.0","100.0","1,990","100.0","100.0","100.0","3,670","100.0","100.0","100.0"
,,"One person or fewer per room","290,790","91.7","90.6","92.7","24,720","96.0","93.0","97.8","23,990","95.8","92.7","97.6","80,020","93.2","90.2","95.3","102,770","89.6","87.3","91.5","30,600","88.1","83.9","91.2","23,380","87.2","81.9","91.2","48,790","91.7","88.6","94.1","54,450","92.6","89.9","94.7","4,840","69.6","66.5","72.6","1,220E","93.8E","87.2","97.1","1,730","86.9","81.5","90.9","1,890","51.7","47.6","55.7"
,,"More than one but less than 1.5 persons per room","12,610","4.0","3.3","4.8","F","1.5","0.7","3.3","F","2.2","0.9","5.3","F","3.1","1.7","5.6","6,150E","5.4","4.0","7.1","F","6.9","4.4","10.6","F","6.9","4.2","11.2","F","3.6","2.2","5.7","F","3.7","2.3","5.9","700","10.1","8.4","12.1","F","F","F","F","F","7.4","4.3","12.3","490","13.4","11.0","16.2"
,,"1.5 persons or more per room","12,970","4.1","3.4","4.9","F","2.4","1.1","5.4","F","2.0","1.1","3.8","F","3.3","2.1","5.3","5,430E","4.7","3.5","6.3","F","4.6","3.0","7.1","F","5.8","3.3","10.1","F","4.3","2.6","7.0","F","3.7","2.4","5.7","1,410","20.2","17.8","22.9","F","F","F","F","F","5.7","3.5","9.3","1,280","34.9","31.2","38.8"
,,"Persons per room not specified 17","F","0.2","0.1","0.5","F","F","F","F","F","F","F","F","F","F","F","F","F","F","F","F","F","F","F","F","F","F","F","F","F","F","F","F","F","F","F","F","F","F","F","F","F","F","F","F","F","F","F","F","F","F","F","F"
,"No, only regular maintenance is needed","Total, Persons per room (crowding)","139,340","100.0","100.0","100.0","10,130","100.0","100.0","100.0","10,740","100.0","100.0","100.0","34,510","100.0","100.0","100.0","52,110","100.0","100.0","100.0","14,880","100.0","100.0","100.0","11,190","100.0","100.0","100.0","26,040","100.0","100.0","100.0","29,610","100.0","100.0","100.0","2,240","100.0","100.0","100.0","F","F","F","F","670E","100.0E","100.0","100.0","1,000","100.0","100.0","100.0"
,,"One person or fewer per room","129,080","92.6","91.0","94.0","9,800","96.8","91.2","98.9","10,420","97.0","88.9","99.2","31,910","92.5","86.6","95.9","47,200","90.6","87.6","92.9","13,170","88.5","81.5","93.0","9,820","87.8","81.2","92.2","24,220","93.0","89.7","95.3","28,050","94.7","91.5","96.8","1,690","75.4","70.4","79.8","F","F","F","F","630E","93.3E","85.9","96.9","520","52.3E","45.2","59.3"
,,"More than one but less than 1.5 persons per room","4,660E","3.3","2.4","4.6","F","F","F","F","F","F","F","F","F","F","F","F","F","4.9","3.2","7.4","F","7.6","3.8","14.3","F","6.0","3.0","11.7","F","2.9","1.5","5.5","F","2.2","1.0","4.5","F","7.8","5.4","11.3","F","F","F","F","F","F","F","F","F","12.7","8.7","18.2"
,,"1.5 persons or more per room","5,300E","3.8","2.9","5.0","F","F","F","F","F","F","F","F","F","4.9","2.6","8.8","F","4.1","2.8","6.0","F","F","F","F","F","6.2","3.2","11.6","F","3.4","1.9","5.7","F","3.1","1.5","6.0","380E","16.8","13.1","21.3","F","F","F","F","F","F","F","F","350E","35.0","28.6","42.1"
,,"Persons per room not specified 17","F","F","F","F","F","F","F","F","F","F","F","F","F","F","F","F","F","F","F","F","F","F","F","F","F","F","F","F","F","F","F","F","F","F","F","F","F","F","F","F","F","F","F","F","F","F","F","F","F","F","F","F"
,"Yes, minor repairs are needed","Total, Persons per room (crowding)","113,730","100.0","100.0","100.0","9,470","100.0","100.0","100.0","8,620","100.0","100.0","100.0","31,540","100.0","100.0","100.0","41,550","100.0","100.0","100.0","12,840","100.0","100.0","100.0","9,990","100.0","100.0","100.0","18,720","100.0","100.0","100.0","19,990","100.0","100.0","100.0","2,560","100.0","100.0","100.0","F","F","F","F","830E","100.0E","100.0","100.0","1,320","100.0","100.0","100.0"
,,"One person or fewer per room","103,820","91.3","89.1","93.0","8,970","94.8","87.8","97.8","8,480","98.3","94.7","99.5","29,300","92.9","88.2","95.8","36,900","88.8","84.4","92.1","11,560","90.1","83.3","94.3","8,450","84.6E","72.4","92.0","16,890","90.2","83.5","94.4","18,340","91.8","86.6","95.1","1,810","70.9","66.1","75.3","F","F","F","F","700E","84.2E","73.5","91.1","740","56.0","49.7","62.2"
,,"More than one but less than 1.5 persons per room","5,280E","4.6","3.4","6.4","F","F","F","F","F","F","F","F","F","4.5","2.3","8.7","F","6.5","4.2","9.9","F","F","F","F","F","9.6E","4.4","19.4","F","6.1","3.2","11.2","F","F","F","F","F","11.0","8.0","14.8","F","F","F","F","F","F","F","F","F","12.9","9.3","17.8"
,,"1.5 persons or more per room","4,610E","4.1","2.9","5.6","F","F","F","F","F","1.5","0.5","5.1","F","F","F","F","F","4.6","2.6","8.1","F","4.9","2.4","9.8","F","F","F","F","F","F","F","F","F","4.1","2.1","7.8","460E","18.1","14.5","22.4","F","F","F","F","F","F","F","F","410E","31.0","25.5","37.1"
,,"Persons per room not specified 17","F","F","F","F","F","F","F","F","F","F","F","F","F","F","F","F","F","F","F","F","F","F","F","F","F","F","F","F","F","F","F","F","F","F","F","F","F","F","F","F","F","F","F","F","F","F","F","F","F","F","F","F"
,"Yes, major repairs are needed","Total, Persons per room (crowding)","63,450","100.0","100.0","100.0","6,140E","100.0E","100.0","100.0","5,670","100.0","100.0","100.0","19,390","100.0","100.0","100.0","20,930","100.0","100.0","100.0","7,030E","100.0E","100.0","100.0","5,520","100.0","100.0","100.0","8,380E","100.0E","100.0","100.0","9,180","100.0","100.0","100.0","2,140","100.0","100.0","100.0","F","F","F","F","490E","100.0E","100.0","100.0","1,340","100.0","100.0","100.0"
,,"One person or fewer per room","57,620","90.8","88.3","92.9","5,940E","96.8E","91.5","98.8","5,080E","89.6","82.6","93.9","18,660","96.2","92.2","98.2","18,570","88.7","82.7","92.8","5,870E","83.6E","72.2","90.8","5,010E","90.8E","81.1","95.8","7,680E","91.7E","79.5","96.9","8,050","87.8E","78.4","93.4","1,330","62.0","55.8","67.9","F","F","F","F","400E","82.6E","72.3","89.6","630","46.8E","38.9","54.8"
,,"More than one but less than 1.5 persons per room","2,670E","4.2","2.9","6.1","F","F","F","F","F","5.1","2.3","11.3","F","F","F","F","F","4.2","2.1","8.2","F","F","F","F","F","F","F","F","F","F","F","F","F","F","F","F","F","11.5","8.5","15.4","F","F","F","F","F","F","F","F","F","14.4","10.5","19.4"
,,"1.5 persons or more per room","3,060E","4.8","3.4","6.8","F","F","F","F","F","5.3","2.6","10.7","F","F","F","F","F","6.6","3.6","12.0","F","F","F","F","F","F","F","F","F","F","F","F","F","F","F","F","570E","26.5","21.6","32.0","F","F","F","F","F","F","F","F","520E","38.8E","31.8","46.2"
,,"Persons per room not specified 17","F","F","F","F","F","F","F","F","F","F","F","F","F","F","F","F","F","F","F","F","F","F","F","F","F","F","F","F","F","F","F","F","F","F","F","F","F","F","F","F","F","F","F","F","F","F","F","F","F","F","F","F"
"Self-perceived mental health not specified 17","Total, housing - Needs repairs","Total, Persons per room (crowding)","F","F","F","F","F","F","F","F","F","F","F","F","F","F","F","F","F","F","F","F","F","F","F","F","F","F","F","F","F","F","F","F","F","F","F","F","F","F","F","F","F","F","F","F","F","F","F","F","F","F","F","F"
,,"One person or fewer per room","F","F","F","F","F","F","F","F","F","F","F","F","F","F","F","F","F","F","F","F","F","F","F","F","F","F","F","F","F","F","F","F","F","F","F","F","F","F","F","F","F","F","F","F","F","F","F","F","F","F","F","F"
,,"More than one but less than 1.5 persons per room","F","F","F","F","F","F","F","F","F","F","F","F","F","F","F","F","F","F","F","F","F","F","F","F","F","F","F","F","F","F","F","F","F","F","F","F","F","F","F","F","F","F","F","F","F","F","F","F","F","F","F","F"
,,"1.5 persons or more per room","F","F","F","F","F","F","F","F","F","F","F","F","F","F","F","F","F","F","F","F","F","F","F","F","F","F","F","F","F","F","F","F","F","F","F","F","F","F","F","F","F","F","F","F","F","F","F","F","F","F","F","F"
,,"Persons per room not specified 17","F","F","F","F","F","F","F","F","F","F","F","F","F","F","F","F","F","F","F","F","F","F","F","F","F","F","F","F","F","F","F","F","F","F","F","F","F","F","F","F","F","F","F","F","F","F","F","F","F","F","F","F"
,"No, only regular maintenance is needed","Total, Persons per room (crowding)","F","F","F","F","F","F","F","F","F","F","F","F","F","F","F","F","F","F","F","F","F","F","F","F","F","F","F","F","F","F","F","F","F","F","F","F","F","F","F","F","F","F","F","F","F","F","F","F","F","F","F","F"
,,"One person or fewer per room","F","F","F","F","F","F","F","F","F","F","F","F","F","F","F","F","F","F","F","F","F","F","F","F","F","F","F","F","F","F","F","F","F","F","F","F","F","F","F","F","F","F","F","F","F","F","F","F","F","F","F","F"
,,"More than one but less than 1.5 persons per room","F","F","F","F","F","F","F","F","F","F","F","F","F","F","F","F","F","F","F","F","F","F","F","F","F","F","F","F","F","F","F","F","F","F","F","F","F","F","F","F","F","F","F","F","F","F","F","F","F","F","F","F"
,,"1.5 persons or more per room","F","F","F","F","F","F","F","F","F","F","F","F","F","F","F","F","F","F","F","F","F","F","F","F","F","F","F","F","F","F","F","F","F","F","F","F","F","F","F","F","F","F","F","F","F","F","F","F","F","F","F","F"
,,"Persons per room not specified 17","F","F","F","F","F","F","F","F","F","F","F","F","F","F","F","F","F","F","F","F","F","F","F","F","F","F","F","F","F","F","F","F","F","F","F","F","F","F","F","F","F","F","F","F","F","F","F","F","F","F","F","F"
,"Yes, minor repairs are needed","Total, Persons per room (crowding)","F","F","F","F","F","F","F","F","F","F","F","F","F","F","F","F","F","F","F","F","F","F","F","F","F","F","F","F","F","F","F","F","F","F","F","F","F","F","F","F","F","F","F","F","F","F","F","F","F","F","F","F"
,,"One person or fewer per room","F","F","F","F","F","F","F","F","F","F","F","F","F","F","F","F","F","F","F","F","F","F","F","F","F","F","F","F","F","F","F","F","F","F","F","F","F","F","F","F","F","F","F","F","F","F","F","F","F","F","F","F"
,,"More than one but less than 1.5 persons per room","F","F","F","F","F","F","F","F","F","F","F","F","F","F","F","F","F","F","F","F","F","F","F","F","F","F","F","F","F","F","F","F","F","F","F","F","F","F","F","F","F","F","F","F","F","F","F","F","F","F","F","F"
,,"1.5 persons or more per room","F","F","F","F","F","F","F","F","F","F","F","F","F","F","F","F","F","F","F","F","F","F","F","F","F","F","F","F","F","F","F","F","F","F","F","F","F","F","F","F","F","F","F","F","F","F","F","F","F","F","F","F"
,,"Persons per room not specified 17","F","F","F","F","F","F","F","F","F","F","F","F","F","F","F","F","F","F","F","F","F","F","F","F","F","F","F","F","F","F","F","F","F","F","F","F","F","F","F","F","F","F","F","F","F","F","F","F","F","F","F","F"
,"Yes, major repairs are needed","Total, Persons per room (crowding)","F","F","F","F","F","F","F","F","F","F","F","F","F","F","F","F","F","F","F","F","F","F","F","F","F","F","F","F","F","F","F","F","F","F","F","F","F","F","F","F","F","F","F","F","F","F","F","F","F","F","F","F"
,,"One person or fewer per room","F","F","F","F","F","F","F","F","F","F","F","F","F","F","F","F","F","F","F","F","F","F","F","F","F","F","F","F","F","F","F","F","F","F","F","F","F","F","F","F","F","F","F","F","F","F","F","F","F","F","F","F"
,,"More than one but less than 1.5 persons per room","F","F","F","F","F","F","F","F","F","F","F","F","F","F","F","F","F","F","F","F","F","F","F","F","F","F","F","F","F","F","F","F","F","F","F","F","F","F","F","F","F","F","F","F","F","F","F","F","F","F","F","F"
,,"1.5 persons or more per room","F","F","F","F","F","F","F","F","F","F","F","F","F","F","F","F","F","F","F","F","F","F","F","F","F","F","F","F","F","F","F","F","F","F","F","F","F","F","F","F","F","F","F","F","F","F","F","F","F","F","F","F"
,,"Persons per room not specified 17","F","F","F","F","F","F","F","F","F","F","F","F","F","F","F","F","F","F","F","F","F","F","F","F","F","F","F","F","F","F","F","F","F","F","F","F","F","F","F","F","F","F","F","F","F","F","F","F","F","F","F","F"

Symbol legend:
E, use with caution
F, too unreliable to be published




Footnotes:
1,"Source: Indigenous Peoples Survey 2022."
2,"The target population of the 2022 Indigenous Peoples Survey (IPS) was composed of the Indigenous identity population of Canada, 1 year of age and over as of April 27, 2022, living in private dwellings excluding persons living on reserves and settlements and in certain First Nations communities in Yukon and the Northwest Territories (NWT)."
3,"Indigenous identity includes persons living off reserve who reported being an Indigenous person, that is, First Nations (North American Indian), Métis or Inuk (Inuit) and/or those who reported Registered or Treaty Indian status, that is registered under the Indian Act of Canada, and/or those who reported membership in a First Nation or Indian band. Indigenous peoples of Canada are defined in the Constitution Act, 1982, Section 35 (2) as including the Indian, Inuit and Métis peoples of Canada. The sum of the categories included in this variable is greater than the total population estimate for Indigenous identity because a person may have reported more than one Indigenous identity: for example, a person could self-identify as both First Nations and Métis."
4,"Self-perceived general health is an indicator of overall health status. Respondents were asked: "In general, how is your health? Would you say... Excellent? Very good? Good? Fair? Poor?"."
5,"Self-perceived mental health refers to the perception of a person's mental health in general. For respondents under the age of 15, the question on self-perceived mental health was asked of the person most knowledgeable about the respondent. For respondents aged 15 and older, the question on self-perceived mental health was only asked of respondents who completed their own (non-proxy) interviews. Respondents were asked "In general, how is your mental health? Would you say... Excellent? Very good? Good? Fair? Poor?"."
6,"The sum of the categories included in this variable does not equal the total population estimate for Indigenous identity because a person may have reported more than one Indigenous identity (for example, a person could have self-identified as both First Nations and Métis)."
7,"Age is derived from the respondent's date of birth and from the Indigenous Peoples Survey reference date of April 27, 2022. The reference date corresponds approximately to the beginning of data collection for the survey."
8,"Given that the non-binary population is small, data aggregation to a two-category gender variable is sometimes necessary to protect the confidentiality of responses. In these cases, individuals in the category “non-binary persons” are distributed into the other two gender categories and are denoted by the “+” symbol."
9,"Respondents were asked: "Is this dwelling in need of repairs? Do not include desirable remodelling or additions. No, only regular maintenance is needed, for example, painting, furnace cleaning.  Yes, minor repairs are needed,  for example, missing or loose floor tiles, bricks or shingles; defective steps, railing or siding, Yes, major repairs are needed, for example, defective plumbing or electrical wiring; structural repairs to walls, floors or ceilings.""
10,"This variable refers to the number of persons per room of the dwelling. It is an indicator of whether the persons occupying a private dwelling are living in crowded conditions. It is calculated by dividing the number of usual residents living in the dwelling at the time of the interview by the number of rooms in the dwelling. "Rooms" include most finished rooms on all floors of the dwelling, including those in attic or basement, but do not include bathrooms, halls, vestibules, and rooms used solely for business purposes. Persons per room is a departmental standard measure of crowding that considers all rooms (as defined above) in a private dwelling and all usual residents occupying that dwelling, without regard to age, gender or marital status. This variable is not comparable to the National Occupancy Standard for crowding, which assesses crowding using the number of bedrooms in a household. Respondents to the survey were not asked the number of bedrooms in their dwelling."
11,"The confidence interval illustrates the degree of variability associated with an estimate. A wider confidence interval indicates higher variability, meaning that the estimate should be interpreted with due caution. The 95% confidence interval of an estimate means that if the survey were repeated over and over, the confidence interval would cover the true population value 95% of the time (or 19 times out of 20). Bootstrapping techniques were used to produce the 95% confidence intervals."
12,"Estimates flagged with the letter E should be used with caution. In these cases, data users should use the 95% confidence interval to assess whether the quality of the estimate is sufficient. The letter F indicates estimates that are too unreliable to be published."
13,"Atlantic provinces include Newfoundland and Labrador, Prince Edward Island, Nova Scotia, and New Brunswick."
14,"The target population of the 2022 Indigenous Peoples Survey (IPS) focused solely on the off-reserve population, excluding those living on reserves and settlements and in certain First Nations communities in Yukon and Northwest Territories."
15,"All percentages for the variable "self-perceived general health" are calculated using the number of persons in "total, self-perceived general health" as denominator."
16,"All percentages for the component "self-perceived mental health" are calculated using the number of persons in "total, self-perceived mental health" as denominator."
17,""Not specified" categories consist of item non-response ("Not stated")."



"How to cite: Statistics Canada. Table 41-10-0080-01  General health and mental health by housing situation, First Nations people living off reserve, Métis and Inuit"
https://www150.statcan.gc.ca/t1/tbl1/en/tv.action?pid=4110008001